Make,Country
Abarth,Italy
Alfa Romeo,Italy
Aston Martin,England
Audi,Germany
Bentley,England
BMW,Germany
Bugatti,France
Cadillac,America
Caterham,England
Chery,China
Chevrolet,America
Chrysler,America
Citroen,France
Daewoo,South Korea
Daihatsu,Japan
Datsun,Japan
Dodge,America
Ferrari,Italy
Fiat,Italy
Ford,America
Great Wall,China
Holden,Australia
Honda,Japan
Hyundai,South Korea
Infiniti,Japan
Isuzu,Japan
Jaguar,England
Jeep,America
Kia,South Korea
Lamborghini,Italy
Land Rover,England
LDV,China
Lexus,Japan
Lotus,England
Maserati,Italy
Mazda,Japan
McLaren,England
Mercedes,Germany
MG,England
MINI,England
Mitsubishi,Japan
Nissan,Japan
Opel,Germany
Peugeot,France
Porsche,Germany
Proton,Malaysia
Renault,France
Rolls-Royce,England
Saab,Sweden
Å koda,Czech Republic
Smart,Germany
SsangYong,South Korea
Subaru,Japan
Suzuki,Japan
Tesla,America
Toyota,Japan
Volkswagen,Germany
Volvo,Sweden
HAVAL,China
Changan,China
Lincoln,America
Genesis,South Korea
GMC,America
Geely,China
Hummer,America
Mercury,America
Tata,India
Foton,China
GAC,China
FAW,China
Iveco,Italy
BYD,China
INFINITI,Japan
Victory Auto,America
Lifan,China